<?xml version="1.0" encoding="UTF-8" standalone="no" ?><Indexes><Index creationDate="1456246106" lastWrite="1456246106" name="Address" type="WString"/><Index creationDate="1456246106" lastWrite="1456246106" name="City" type="WString"><Values><V>ANYTOWN</V><V>CHICAGO</V></Values></Index><Index creationDate="1456246106" lastWrite="1456246106" name="First Name" type="WString"/><Index creationDate="1456246106" lastWrite="1456246106" name="HH_ID" type="WString"/><Index creationDate="1456246106" lastWrite="1456246106" name="Last Name" type="WString"/><Index creationDate="1456246106" lastWrite="1456246106" name="State" type="WString"><Values><V>CO</V></Values></Index><Index creationDate="1456246106" lastWrite="1456246106" name="ZIP" type="WString"><Values><V>12468</V><V>13579</V></Values></Index></Indexes>